id,name,source,status,sample,sample_category,experiment_type,chemistry,basecaller,basecall_model,flowcell_type,device_type,run_date,mean_qscore,n50,total_reads,total_bases,location
exp-639f139d,barcode08_PBC83132_pass_barcode08_508c9eb1_5246d9b2_3,ont-open-data,analyzed,barcode02,Plasmid,Plasmid Sequencing,R10.4.1,,hac,PromethION,PromethION,,15.9,750,50000,38183592,
exp-de773b72,barcode08_PBC83132_pass_barcode08_508c9eb1_5246d9b2_2,ont-open-data,analyzed,barcode02,Plasmid,Plasmid Sequencing,R10.4.1,,hac,PromethION,PromethION,,15.98,753,50000,38529240,
exp-0d8fed66,pass_bam_runid_0a73e955b30dc4b0182e1abb710bca268b16d689_31_0,ont-open-data,analyzed,HG002,Human,WGS,R10.4.1,guppy,sup,PromethION,PromethION,2023-04-29,12.57,29020,5786,123911952,
exp-b97d1a57,pass_bam_runid_0a73e955b30dc4b0182e1abb710bca268b16d689_12_0,ont-open-data,analyzed,HG002,Human,WGS,R10.4.1,guppy,sup,PromethION,PromethION,2023-04-29,12.53,28781,5942,124307905,
exp-646be257,pass_bam_runid_0a73e955b30dc4b0182e1abb710bca268b16d689_36_0,ont-open-data,analyzed,HG002,Human,WGS,R10.4.1,guppy,sup,PromethION,PromethION,2023-04-29,12.58,28377,5685,124268871,
exp-138c0fad,visium_hd_2025.06_calls.hac,ont-open-data,analyzed,,Research,Spatial Transcriptomics,R10.4.1,,hac,PromethION,PromethION,,16.287703076149583,775,50000,32229930,
exp-42a7ce5f,modbase-validation_2024.10_5hmC_rep2,ont-open-data,analyzed,,Research,Methylation Validation,R10.4.1,,sup,PromethION,PromethION,,12.062490247937818,116,50000,7078003,
exp-b86562c3,zymo_16s_2025.09_FBB38036_bam_pass_674d971e_5417eff2_0,ont-open-data,analyzed,Zymo Mock,Microbial,Metagenomic,R10.4.1,,hac,MinION,Flongle,,14.838510738373031,1566,50000,76031934,
exp-40896eec,colo829_2024.03_PAU59807.d052hac4305mCG_5hmCGvHg38,ont-open-data,analyzed,COLO829,Cancer,,R10.4.1,,hac,PromethION,PromethION,,18.122239521649725,25609,50000,872536218,
exp-d113553a,fungal_ITS_2025.09_FBB34176_fastq_subset.reference,ont-open-data,analyzed,Fungal,Microbial,Metagenomic,R10.4.1,,fast,MinION,Flongle,,11.55595062695507,633,50000,34970148,
exp-08b68b7f,colo829_2024.03_PAU59949.d052hac4305mCG_5hmCGvHg38,ont-open-data,analyzed,COLO829,Cancer,,R10.4.1,,hac,PromethION,PromethION,,18.262949408542426,25887,50000,883117152,
exp-41db5985,sc_gemx_2025.02_PBC15320_20250123_jurkat_1_1.tagged,ont-open-data,analyzed,,Plasmid,Plasmid Sequencing,R10.4.1,dorado,sup,PromethION,PromethION,2025-01-23,18.16954651455814,1261,50000,52400090,
exp-d8eab8f7,modbase-validation_2024.10_6mA_rep1,ont-open-data,analyzed,,Research,Methylation Validation,R10.4.1,,sup,PromethION,PromethION,,11.487416133276975,112,50000,6475181,
exp-67d1427f,modbase-validation_2024.10_5mC_rep2,ont-open-data,analyzed,,Research,Methylation Validation,R10.4.1,,sup,PromethION,PromethION,,13.38462614425553,110,50000,5732715,
exp-3ec6da75,modbase-validation_2024.10_5hmC_rep1,ont-open-data,analyzed,,Research,Methylation Validation,R10.4.1,,sup,PromethION,PromethION,,12.53522745821286,111,50000,6462238,
exp-69465664,fungal_ITS_2025.09_FBB34290_fastq_subset.reference,ont-open-data,analyzed,Fungal,Microbial,Metagenomic,R10.4.1,,fast,MinION,Flongle,,11.304019089698098,633,50000,36098510,
exp-8fae9d2e,sc_gemx_2025.02_PBC16207_20250123_293t_1_1.tagged,ont-open-data,analyzed,,Plasmid,Plasmid Sequencing,R10.4.1,dorado,sup,PromethION,PromethION,2025-01-23,17.773212766658535,1027,50000,41896477,
exp-0d1c2345,modbase-validation_2024.10_6mA_rep2,ont-open-data,analyzed,,Research,Methylation Validation,R10.4.1,,sup,PromethION,PromethION,,11.496127335170652,111,50000,6282409,
exp-6a342100,modbase-validation_2024.10_5mC_rep1,ont-open-data,analyzed,,Research,Methylation Validation,R10.4.1,,sup,PromethION,PromethION,,13.350099138778432,110,50000,5798824,
exp-3e3daeb8,zymo_16s_2025.09_FBB32095_bam_pass_15aa3986_bbffde72_0,ont-open-data,analyzed,Zymo Mock,Microbial,Metagenomic,R10.4.1,,hac,MinION,Flongle,,15.696259488707343,1579,50000,75492289,
exp-2272e10f,12082025_IF_NewBCPart4_SMA_seq,local,discovered,SMA-seq,Research,,R10.4.1,dorado,hac,PromethION,Mk1D,2025-12-08,19.2,5406,4688237,18807281227,/data1/12082025_IF_NewBCPart4_SMA_seq/no_sample_id/20251208_2139_MD-100098_FBD70608_2272e10f
exp-9f9f4bc1,11242025_IF_Part4_CIP_Treated_SMA_seq,local,discovered,SMA-seq,Research,,R10.4.1,dorado,hac,PromethION,Mk1D,2025-11-24,16.5,2638,65149,92699842,/nfs/turbo/umms-atheylab/sequencing_data/data_from_linux_desktop_lab/Fall2025/11242025_IF_Part4_CIP_Treated_SMA_seq/no_sample_id/20251124_2039_MD-101527_FBD68976_9f9f4bc1
exp-c03969a2,11242025_IF_Part4_SMA_seq,local,discovered,SMA-seq,Research,,R10.4.1,dorado,hac,PromethION,Mk1D,2025-11-24,20.8,2639,20062441,30370495909,/data1/11242025_IF_Part4_SMA_seq/no_sample_id/20251124_2036_MD-100098_FBD64739_c03969a2
exp-01f9b9a0,Cas9cutting_gRNAs2_3_15_17_MT5_10162025,local,discovered,Cas9,CRISPR,,R10.4.1,dorado,hac,PromethION,Mk1D,2025-10-16,4.3,15870,307429,50227973,/data1/Cas9cutting_gRNAs2_3_15_17_MT5_10162025/Cas9cutgDNA_5ug_10162025/20251016_1906_MD-101527_FBD71065_01f9b9a0
exp-ce4013c9,Cas9cutting_gRNAs2_3_15_17_MT5_10162025,local,discovered,Cas9,CRISPR,,R10.4.1,dorado,hac,PromethION,Mk1D,2025-10-16,3.6,1209,185534,56351536,/data1/Cas9cutting_gRNAs2_3_15_17_MT5_10162025/Cas9cutgDNA_1ug_10162025/20251016_1906_MD-100098_FBD71450_ce4013c9
exp-83128859,Cas9cutting_gRNAs2_3_15_17_MT5_10162025,local,discovered,Cas9,CRISPR,,R10.4.1,dorado,hac,PromethION,Mk1D,2025-10-16,,,,,/data1/Cas9cutting_gRNAs2_3_15_17_MT5_10162025/Cas9cutgDNA_10ug_10162025/20251016_1906_MD-102066_FBD71295_83128859
exp-cf3ed5a3,10092025_IF_methyl_minus_SMA_seq,local,discovered,SMA-seq,Research,,R10.4.1,dorado,hac,PromethION,Mk1D,2025-10-09,22.5,2639,3864509,10030151837,/nfs/turbo/umms-atheylab/sequencing_data/data_from_linux_desktop_lab/10092025_IF_methyl_minus_SMA_seq/no_sample_id/20251009_1847_MD-101527_FBD68986_cf3ed5a3
exp-4ff11072,IF_SMAseq_9_11_continuted,local,discovered,SMA-seq,Research,,R10.4.1,dorado,hac,PromethION,Mk1D,2025-09-15,18.4,2739,1053937,3739765817,/nfs/turbo/umms-atheylab/sequencing_data/data_from_linux_desktop_lab/IF_SMAseq_9_11_continuted/no_sample_id/20250915_0839_MD-102066_FBD70249_4ff11072
exp-1788022b,IF_SMAseq_09112025,local,discovered,SMA-seq,Research,,R10.4.1,dorado,hac,PromethION,Mk1D,2025-09-11,21.9,2639,13987594,34166576114,/nfs/turbo/umms-atheylab/sequencing_data/data_from_linux_desktop_lab/Fall2025/IF_SMAseq_09112025/no_sample_id/20250911_1847_MD-102066_FBD70249_1788022b
exp-a507ec15,promA-439,local,discovered,14400-CZ-4 (PGx),Pharmacogenomics,Pharmacogenomics,R10.4.1,dorado,hac,PromethION,P2 Solo,2025-09-11,11.7,680,36389823,24942902965,/mnt/d/AGC/14400-CZ-4
exp-b13a79e3,promA-438,local,discovered,14400-CZ-3 (PGx),Pharmacogenomics,Pharmacogenomics,R10.4.1,dorado,hac,PromethION,P2 Solo,2025-09-11,12.1,670,23886226,16025977235,/mnt/d/AGC/14400-CZ-3
exp-a2110ef7,PromA-437,local,discovered,14400-CZ-2 (PGx),Pharmacogenomics,Pharmacogenomics,R10.4.1,dorado,hac,PromethION,P2 Solo,2025-09-11,11.3,674,26040263,17841193891,/mnt/d/AGC/14400-CZ-2
exp-c2d82488,promA-436,local,discovered,14400-CZ-1 (PGx),Pharmacogenomics,Pharmacogenomics,R10.4.1,dorado,hac,PromethION,P2 Solo,2025-09-11,11.2,676,40173680,27436555981,/mnt/d/AGC/14400-CZ-1
exp-36c525f6,Sept_9_GFMH_Multiplex_600ng,local,discovered,Multiplex,Multiplex,,R10.4.1,dorado,hac,PromethION,Mk1D,2025-09-09,13.3,371,14687535,5495555262,/nfs/turbo/umms-atheylab/sequencing_data/data_from_linux_desktop_lab/Fall2025/Sept_9_GFMH_Multiplex_600ng/Try1/20250909_1557_MD-100098_FBD66370_36c525f6
exp-46553b7d,GF_MH_8plex_600ng_sept8,local,discovered,Multiplex,Multiplex,,R10.4.1,dorado,hac,PromethION,Mk1D,2025-09-08,10.6,374,2270202,842372531,/nfs/turbo/umms-atheylab/sequencing_data/data_from_linux_desktop_lab/Fall2025/GF_MH_8plex_600ng_sept8/try3/20250908_1709_MD-101527_FBD68942_46553b7d
exp-1c9262b1,GF_MH_8plex_600ng_sept8,local,discovered,Multiplex,Multiplex,,R10.4.1,dorado,hac,PromethION,Mk1D,2025-09-08,,,,,/nfs/turbo/umms-atheylab/sequencing_data/data_from_linux_desktop_lab/Fall2025/GF_MH_8plex_600ng_sept8/try2/20250908_1649_MD-101527_FBD68942_1c9262b1
exp-10355be5,GF_MH_8plex_600ng_sept8,local,discovered,Multiplex,Multiplex,,R10.4.1,dorado,hac,PromethION,Mk1D,2025-09-08,,,,,/nfs/turbo/umms-atheylab/sequencing_data/data_from_linux_desktop_lab/Fall2025/GF_MH_8plex_600ng_sept8/try1/20250908_1636_MD-101527_FBD68942_10355be5
exp-6c9e3477,09042025_IF_SMA_seq,local,discovered,SMA-seq,Research,,R10.4.1,dorado,hac,PromethION,Mk1D,2025-09-04,21.9,2637,8733854,23766819855,/nfs/turbo/umms-atheylab/sequencing_data/data_from_linux_desktop_lab/Fall2025/09042025_IF_SMA_seq/no_sample_id/20250904_2006_MD-102066_FBD71401_6c9e3477
exp-4d2efae9,promA-434,local,discovered,14309-CZ-2 (PGx),Pharmacogenomics,Pharmacogenomics,R10.4.1,dorado,hac,PromethION,P2 Solo,2025-09-03,11.7,664,5097400,3432294667,/mnt/d/AGC/14309-CZ-2
exp-d42eb8e7,promA-434,local,discovered,14309-CZ-2 (PGx),Pharmacogenomics,Pharmacogenomics,R10.4.1,dorado,hac,PromethION,P2 Solo,2025-09-02,11.4,680,30847186,20870377013,/nfs/turbo/umms-atheylab/sequencing_data/AGC/14309-CZ-2/20250902_1223_1H_PBE83786_d42eb8e7
exp-284f7384,promA-433,local,discovered,14309-CZ-1 (PGx),Pharmacogenomics,Pharmacogenomics,R10.4.1,dorado,hac,PromethION,P2 Solo,2025-09-02,11.5,675,45136865,30479302794,/mnt/d/AGC/14309-CZ-1
exp-ac2d2982,PGx_AS_8plex_1ug_4greg_4monica,local,discovered,PGx,Pharmacogenomics,,R10.4.1,dorado,hac,PromethION,Mk1D,2025-08-25,12.1,461,10769309,5406050831,/nfs/turbo/umms-atheylab/sequencing_data/data_from_linux_desktop_lab/Fall2025/PGx_AS_8plex_1ug_4greg_4monica/no_sample_id/20250825_1742_MD-102066_FBD66456_ac2d2982
exp-311e64b1,081920205_IF_Pilot_SMA_seq,local,discovered,SMA-seq,Research,,R10.4.1,guppy,hac,PromethION,Mk1D,2020-08-19,,,,,/nfs/turbo/umms-atheylab/sequencing_data/data_from_linux_desktop_lab/081920205_IF_Pilot_SMA_seq/no_sample_id/20250822_2026_MD-102066_FBD65978_311e64b1
exp-b06eb75c,081920205_IF_Pilot_SMA_seq,local,discovered,SMA-seq,Research,,R10.4.1,guppy,hac,PromethION,Mk1D,2020-08-19,9.9,2756,655745,2212011456,/nfs/turbo/umms-atheylab/sequencing_data/data_from_linux_desktop_lab/081920205_IF_Pilot_SMA_seq/no_sample_id/20250821_1912_MD-102066_FBD65978_b06eb75c
exp-f6ad7dd5,081920205_IF_Pilot_SMA_seq,local,discovered,SMA-seq,Research,,R10.4.1,guppy,hac,PromethION,Mk1D,2020-08-19,6.9,2748,5147265,9808799896,/nfs/turbo/umms-atheylab/sequencing_data/data_from_linux_desktop_lab/081920205_IF_Pilot_SMA_seq/no_sample_id/20250819_2057_MD-102066_FBD65978_f6ad7dd5
exp-0151951c,human_targeted_seq_cyp,local,discovered,CYP,Plasmid,Plasmid Sequencing,R10.4.1,dorado,hac,PromethION,Mk1D,2025-08-12,18.1,11515,4276150,7755016070,/nfs/turbo/umms-atheylab/sequencing_data/data_from_linux_desktop_lab/human_targeted_seq_cyp/greg_4x_allrepeats_WGS_aug11_try3/20250812_0437_MD-102066_FBD41116_0151951c
exp-7eb1465a,human_targeted_seq_cyp,local,discovered,CYP,Plasmid,Plasmid Sequencing,R10.4.1,dorado,hac,PromethION,Mk1D,2025-08-12,18.4,6012,676921,764101935,/nfs/turbo/umms-atheylab/sequencing_data/data_from_linux_desktop_lab/human_targeted_seq_cyp/greg_4x_allrepeats_WGS_aug11_try2/20250812_0044_MD-102066_FBD41116_7eb1465a
exp-975ccb90,human_targeted_seq_cyp,local,discovered,CYP,Plasmid,Plasmid Sequencing,R10.4.1,dorado,hac,PromethION,Mk1D,2025-08-11,18.6,5635,4489430,4881457182,/nfs/turbo/umms-atheylab/sequencing_data/data_from_linux_desktop_lab/human_targeted_seq_cyp/greg_4x_allrepeats_WGS_aug11/20250811_1347_MD-102066_FBD41116_975ccb90
exp-3bdb60bd,human_targeted_seq_cyp,local,discovered,CYP,Plasmid,Plasmid Sequencing,R10.4.1,dorado,fast,PromethION,Mk1D,2025-08-08,24.2,12079,1937567,10500567395,/nfs/turbo/umms-atheylab/sequencing_data/data_from_linux_desktop_lab/human_targeted_seq_cyp/Greg_4x_LA_WGS_aug8_no_bulkfast5/20250808_1748_MD-102066_FBD59608_3bdb60bd
exp-aa32754d,human_targeted_seq_cyp,local,discovered,CYP,Plasmid,Plasmid Sequencing,R10.4.1,dorado,fast,PromethION,Mk1D,2025-08-08,25.3,12648,1729316,11872905832,/nfs/turbo/umms-atheylab/sequencing_data/data_from_linux_desktop_lab/human_targeted_seq_cyp/Monica_4x_CIPLA_WGS__aug8_no_bulkfast5/20250808_1748_MD-100098_FBD42617_aa32754d
exp-d749134c,human_targeted_seq_cyp,local,discovered,CYP,Plasmid,Plasmid Sequencing,R10.4.1,dorado,fast,PromethION,Mk1D,2025-08-08,25.3,14179,2044943,14474837870,/nfs/turbo/umms-atheylab/sequencing_data/data_from_linux_desktop_lab/human_targeted_seq_cyp/Greg_4x_CIPLA_WGS_aug8_no_bulkfast5/20250808_1748_MD-101527_FBD43923_d749134c
exp-c188e146,human_targeted_seq_cyp,local,discovered,CYP,Plasmid,Plasmid Sequencing,R10.4.1,dorado,hac,PromethION,Mk1D,2025-08-08,23.6,11698,390650,2259412362,/nfs/turbo/umms-atheylab/sequencing_data/data_from_linux_desktop_lab/human_targeted_seq_cyp/monica_4x_CIPLA_WGS_aug8/20250808_1219_MD-100098_FBD42617_c188e146
exp-6c181a4c,human_targeted_seq_cyp,local,discovered,CYP,Plasmid,Plasmid Sequencing,R10.4.1,dorado,hac,PromethION,Mk1D,2025-08-08,23.0,13554,402092,2421075674,/nfs/turbo/umms-atheylab/sequencing_data/data_from_linux_desktop_lab/human_targeted_seq_cyp/greg_4x_CIPLA_WGS_aug8/20250808_1219_MD-101527_FBD43923_6c181a4c
exp-546866c5,promA-419,local,discovered,PromA Run,Lab Run,,R10.4.1,dorado,hac,PromethION,P2 Solo,2025-08-05,4.2,14444,362450,228274889,/nfs/turbo/umms-atheylab/sequencing_data/AGC/14136-CZ-2/20250805_1125_2E_PBE94856_546866c5
exp-a36d5ac5,promA-418,local,discovered,PromA Run,Lab Run,,R10.4.1,dorado,hac,PromethION,P2 Solo,2025-08-05,6.2,5619,965659,394022377,/nfs/turbo/umms-atheylab/sequencing_data/AGC/14136-CZ-1/20250805_1124_1E_PBE95110_a36d5ac5
exp-b0df2ac6,targeted_sequencing_human_CYP2D6,local,discovered,CYP,Plasmid,Plasmid Sequencing,R10.4.1,dorado,hac,PromethION,Mk1D,2025-08-01,24.7,14499,1156916,8515218993,/data1/targeted_sequencing_human_CYP2D6/gregcipLAtry4/20250801_1035_MD-102066_FBD19324_b0df2ac6
exp-e527aee0,targeted_sequencing_human_CYP2D6,local,discovered,CYP,Plasmid,Plasmid Sequencing,R10.4.1,dorado,hac,PromethION,Mk1D,2025-08-01,23.8,12416,991548,5570948779,/data1/targeted_sequencing_human_CYP2D6/greg_LA_WGS_jul31_try2/20250801_1035_MD-100098_FBD14190_e527aee0
exp-fe2c3872,human_targeted_seq_cyp,local,discovered,CYP,Plasmid,Plasmid Sequencing,R10.4.1,dorado,hac,PromethION,Mk1D,2025-07-31,,,,,/nfs/turbo/umms-atheylab/sequencing_data/data_from_linux_desktop_lab/human_targeted_seq_cyp/greg_3x_CIPLA_try2/20250731_1135_MD-102066_FBD19324_fe2c3872
exp-b73d908a,human_targeted_seq_cyp,local,discovered,CYP,Plasmid,Plasmid Sequencing,R10.4.1,dorado,hac,PromethION,Mk1D,2025-07-30,26.4,12141,1064036,7252257856,/nfs/turbo/umms-atheylab/sequencing_data/data_from_linux_desktop_lab/human_targeted_seq_cyp/greg_CIPLA_WGS_2_3_15_jul30/20250730_1824_MD-102066_FBD19324_b73d908a
exp-1bf7b994,human_targeted_seq_cyp,local,discovered,CYP,Plasmid,Plasmid Sequencing,R10.4.1,dorado,hac,PromethION,Mk1D,2025-07-25,2.9,27330,6013,10277286,/nfs/turbo/umms-atheylab/sequencing_data/data_from_linux_desktop_lab/human_targeted_seq_cyp/Monica_2_3_25_CIPLA_jul25/20250725_1642_MD-102066_FBD21037_1bf7b994
exp-887671d4,human_targeted_seq_cyp,local,discovered,CYP,Plasmid,Plasmid Sequencing,R10.4.1,dorado,hac,PromethION,Mk1D,2025-07-24,16.2,1717,461721,182393338,/data1/human_targeted_seq_cyp/greg_4x_L1_jul24/20250724_1702_MD-102066_FBD23216_887671d4
exp-b60cc4c4,human_targeted_seq_cyp,local,discovered,CYP,Plasmid,Plasmid Sequencing,R10.4.1,dorado,hac,PromethION,Mk1D,2025-07-24,11.5,3988,2785727,1153311476,/data1/human_targeted_seq_cyp/greg_4x_L1_sva_jul24/20250724_1702_MD-101527_FBD20720_b60cc4c4
exp-ce2f3c1b,human_targeted_seq_cyp,local,discovered,CYP,Plasmid,Plasmid Sequencing,R10.4.1,dorado,hac,PromethION,Mk1D,2025-07-24,10.6,6308,2336434,1113031455,/data1/human_targeted_seq_cyp/monica_2_15_jul24/20250724_1702_MD-100098_FBD20746_ce2f3c1b
exp-10df26dd,human_targeted_seq_cyp,local,discovered,CYP,Plasmid,Plasmid Sequencing,R10.4.1,dorado,hac,PromethION,Mk1D,2025-07-22,10.1,4135,1743407,783275306,/nfs/turbo/umms-atheylab/sequencing_data/data_from_linux_desktop_lab/human_targeted_seq_cyp/greg_4x_allhuman_jul22/20250722_1351_MD-102066_FBD32305_10df26dd
exp-d86e9c19,human_targeted_seq_cyp,local,discovered,CYP,Plasmid,Plasmid Sequencing,R10.4.1,dorado,hac,PromethION,Mk1D,2025-07-22,9.8,3989,1979502,625707453,/nfs/turbo/umms-atheylab/sequencing_data/data_from_linux_desktop_lab/human_targeted_seq_cyp/greg_4x_allrepeats_jul22/20250722_1351_MD-100098_FBD16857_d86e9c19
exp-62d01bd2,human_targeted_seq_cyp,local,discovered,CYP,Plasmid,Plasmid Sequencing,R10.4.1,dorado,hac,PromethION,Mk1D,2025-07-22,10.7,7650,1302021,797761019,/nfs/turbo/umms-atheylab/sequencing_data/data_from_linux_desktop_lab/human_targeted_seq_cyp/monica_4x_jul22/20250722_1351_MD-101527_FBD32310_62d01bd2
exp-4f5a5594,targeted_sequencing_human_CYP2D6,local,discovered,CYP,Plasmid,Plasmid Sequencing,R10.4.1,dorado,hac,PromethION,Mk1D,2025-07-17,23.0,11233,458271,2796268939,/data1/targeted_sequencing_human_CYP2D6/monica_2_15_jul17_recovered/20250717_1557_MD-102066_FBD20887_4f5a5594
exp-7e97de64,targeted_sequencing_human_CYP2D6,local,discovered,CYP,Plasmid,Plasmid Sequencing,R10.4.1,dorado,hac,PromethION,Mk1D,2025-07-17,21.3,7770,756391,3069371928,/data1/targeted_sequencing_human_CYP2D6/monica_3_15_jul17/20250717_1557_MD-101527_FBD16702_7e97de64
exp-eadff6e8,targeted_sequencing_human_CYP2D6,local,discovered,CYP,Plasmid,Plasmid Sequencing,R10.4.1,dorado,hac,PromethION,Mk1D,2025-07-16,16.2,5359,375967,873200187,/data1/targeted_sequencing_human_CYP2D6/greg_2_15_jul16/20250716_1559_MD-100098_FBD16671_eadff6e8
exp-a317d1d1,targeted_sequencing_human_CYP2D6,local,discovered,CYP,Plasmid,Plasmid Sequencing,R10.4.1,dorado,hac,PromethION,Mk1D,2025-07-16,13.7,5757,26871,55502951,/data1/targeted_sequencing_human_CYP2D6/greg_3_15_jul16/20250716_1559_MD-101527_FBC98609_a317d1d1
exp-76255021,targeted_sequencing_human_CYP2D6,local,discovered,CYP,Plasmid,Plasmid Sequencing,R10.4.1,dorado,hac,PromethION,Mk1D,2025-07-16,22.4,8305,513892,2437160606,/data1/targeted_sequencing_human_CYP2D6/monica_2_15_jul16/20250716_1559_MD-102066_FBD09105_76255021
exp-f394c3e1,targeted_sequencing_human_CYP2D6,local,discovered,CYP,Plasmid,Plasmid Sequencing,R10.4.1,dorado,hac,PromethION,Mk1D,2025-07-14,12.8,9086,207380,479805393,/data1/targeted_sequencing_human_CYP2D6/Storebought_3_4_jul14_restart/20250714_2208_MD-100098_FBD10988_f394c3e1
exp-b8addb7d,targeted_sequencing_human_CYP2D6,local,discovered,CYP,Plasmid,Plasmid Sequencing,R10.4.1,dorado,hac,PromethION,Mk1D,2025-07-14,15.9,14984,26505,131965382,/data1/targeted_sequencing_human_CYP2D6/Greg_DNA_exon2_Jul14_restart/20250714_2208_MD-101527_FBC97882_b8addb7d
exp-997f393b,targeted_sequencing_human_CYP2D6,local,discovered,CYP,Plasmid,Plasmid Sequencing,R10.4.1,dorado,hac,PromethION,Mk1D,2025-07-14,12.8,8944,52358,113433805,/nfs/turbo/umms-atheylab/sequencing_data/data_from_linux_desktop_lab/Fall2025/targeted_sequencing_human_CYP2D6/Storebought_3_4_jul14/20250714_1456_MD-100098_FBD10988_997f393b
exp-a1ca366f,targeted_sequencing_human_CYP2D6,local,discovered,CYP,Plasmid,Plasmid Sequencing,R10.4.1,dorado,hac,PromethION,Mk1D,2025-07-14,15.9,13598,9676,41156837,/nfs/turbo/umms-atheylab/sequencing_data/data_from_linux_desktop_lab/Fall2025/targeted_sequencing_human_CYP2D6/Greg_DNA_exon2_Jul14/20250714_1456_MD-101527_FBC97882_a1ca366f
exp-09036942,WGS_LSK_human,local,discovered,Human,Human,WGS,R10.4.1,dorado,hac,PromethION,Mk1D,2025-07-14,,,8,,/nfs/turbo/umms-atheylab/sequencing_data/data_from_linux_desktop_lab/Fall2025/WGS_LSK_human/wrong/20250714_0054_MD-100098_FBC98389_09036942
exp-5ad40d91,WGS_LSK_human,local,discovered,Human,Human,WGS,R10.4.1,dorado,hac,PromethION,Mk1D,2025-07-14,20.7,10644,3237681,14875263045,/data1/WGS_LSK_human/greg_DNA_sample3_NS_continued4/20250714_0053_MD-102066_FBD19495_5ad40d91
exp-5b89cf6f,WGS_LSK_human,local,discovered,Human,Human,WGS,R10.4.1,dorado,hac,PromethION,Mk1D,2025-07-14,,,,,/nfs/turbo/umms-atheylab/sequencing_data/data_from_linux_desktop_lab/Fall2025/WGS_LSK_human/greg_DNA_sample3_NS_continued3/20250714_0051_MD-102066_FBD19495_5b89cf6f
exp-6395e55e,WGS_LSK_human,local,discovered,Human,Human,WGS,R10.4.1,dorado,hac,PromethION,Mk1D,2025-07-13,21.3,7429,200128,700732880,/nfs/turbo/umms-atheylab/sequencing_data/data_from_linux_desktop_lab/Fall2025/WGS_LSK_human/greg_DNA_sample3_NS_jul13/20250713_2118_MD-102066_FBD19495_6395e55e
exp-d716e44a,targeted_sequencing_human_CYP2D6,local,discovered,CYP,Plasmid,Plasmid Sequencing,R10.4.1,dorado,hac,PromethION,Mk1D,2025-07-10,9.0,6913,533836,716639559,/nfs/turbo/umms-atheylab/sequencing_data/data_from_linux_desktop_lab/Fall2025/targeted_sequencing_human_CYP2D6/storebought_DNA_10_15_gRNAs_jul10/20250710_1609_MD-101527_FBD20303_d716e44a
exp-2930e676,targeted_sequencing_human_CYP2D6,local,discovered,CYP,Plasmid,Plasmid Sequencing,R10.4.1,dorado,hac,PromethION,Mk1D,2025-07-10,14.4,11760,586481,2226791640,/nfs/turbo/umms-atheylab/sequencing_data/data_from_linux_desktop_lab/Fall2025/targeted_sequencing_human_CYP2D6/greg_DNA_10_15_gRNAs_jul10/20250710_1609_MD-100098_FBC98389_2930e676
exp-219d4c09,targeted_sequencing_flongles_CZ_NS,local,discovered,CYP,Plasmid,Plasmid Sequencing,R10.4.1,dorado,hac,PromethION,Mk1D,2025-07-09,6.2,9916,785,1221070,/nfs/turbo/umms-atheylab/sequencing_data/data_from_linux_desktop_lab/targeted_sequencing_flongles_CZ_NS/gregs_DNA_CYP2D6_gRNA_4_10/20250709_1741_MD-100098_AWF169_219d4c09
exp-2811bbfa,targeted_sequencing_flongles_CZ_NS,local,discovered,CYP,Plasmid,Plasmid Sequencing,R10.4.1,dorado,hac,PromethION,Mk1D,2025-07-09,3.6,2510,12737,2971748,/nfs/turbo/umms-atheylab/sequencing_data/data_from_linux_desktop_lab/targeted_sequencing_flongles_CZ_NS/storebought_DNA_CYP2D6_gRNA_6_10/20250709_1741_MD-101527_AZL278_2811bbfa
exp-cd83e8a8,targeted_sequencing_flongles_CZ_NS,local,discovered,CYP,Plasmid,Plasmid Sequencing,R10.4.1,dorado,hac,PromethION,Mk1D,2025-07-09,,,,,/nfs/turbo/umms-atheylab/sequencing_data/data_from_linux_desktop_lab/targeted_sequencing_flongles_CZ_NS/storebought_DNA_CYP2D6_gRNA_15_10/20250709_1741_MD-102066_AWG220_cd83e8a8
exp-55664064,rapid_barcode_plasmid_24,local,discovered,Rapid Barcode,Research,,R10.4.1,dorado,hac,PromethION,Mk1D,2025-07-03,18.0,2599,11475574,14053709030,/nfs/turbo/umms-atheylab/sequencing_data/data_from_linux_desktop_lab/rapid_barcode_plasmid_24/IF_CZ_July3_initialGGexperiment/20250703_1644_MD-100098_FBB32599_55664064
exp-6b4886be,targeted_human_CYP2D6_gRNA_3_9,local,discovered,CYP,Plasmid,Plasmid Sequencing,R10.4.1,dorado,hac,PromethION,Mk1D,2025-06-30,3.4,22450,110747,22930798,/nfs/turbo/umms-atheylab/sequencing_data/data_from_linux_desktop_lab/targeted_human_CYP2D6_gRNA_3_9/gRNA4up5btwn/20250630_1653_MD-101527_FBB40965_6b4886be
exp-94217cf5,SMS_RC_Eco53KI_PvuII,local,discovered,SMA-seq,Research,,R10.4.1,dorado,hac,PromethION,Mk1D,2025-06-27,17.8,474,13031959,6928259233,/nfs/turbo/umms-atheylab/sequencing_data/data_from_linux_desktop_lab/SMA-seq_experiments_proof_of_principle/SMS_RC_Eco53KI_PvuII/pCYP_3040/20250627_1402_MD-101527_FBB33029_94217cf5
exp-ac91bc0c,SMS_RC_Eco53KI_PvuII,local,discovered,SMA-seq,Research,,R10.4.1,dorado,hac,PromethION,Mk1D,2025-06-27,18.9,477,10335156,5530500282,/nfs/turbo/umms-atheylab/sequencing_data/data_from_linux_desktop_lab/SMA-seq_experiments_proof_of_principle/SMS_RC_Eco53KI_PvuII/pCYP_2987/pCYP_2987/20250627_1402_MD-100098_FBB32999_ac91bc0c
exp-945bd5a4,targeted_human_CYP2D6_gRNA_3_9,local,discovered,CYP,Plasmid,Plasmid Sequencing,R10.4.1,dorado,hac,MinION,MinION,2025-06-25,6.8,5384,304846,178683319,/nfs/turbo/umms-atheylab/sequencing_data/data_from_linux_desktop_lab/targeted_human_CYP2D6_gRNA_3_9/no_Cas9/20250625_1833_MN47455_FBB33098_945bd5a4
exp-707a623e,targeted_human_CYP2D6_gRNA_3_9,local,discovered,CYP,Plasmid,Plasmid Sequencing,R10.4.1,dorado,hac,PromethION,Mk1D,2025-06-25,8.6,5894,177227,175260905,/nfs/turbo/umms-atheylab/sequencing_data/data_from_linux_desktop_lab/targeted_human_CYP2D6_gRNA_3_9/half_concentration_Cas9/20250625_1833_MD-100098_FBB37666_707a623e
exp-716ebfea,targeted_human_CYP2D6_gRNA_3_9,local,discovered,CYP,Plasmid,Plasmid Sequencing,R10.4.1,dorado,hac,PromethION,Mk1D,2025-06-25,3.8,66393,15714,17804358,/nfs/turbo/umms-atheylab/sequencing_data/data_from_linux_desktop_lab/targeted_human_CYP2D6_gRNA_3_9/full_concentration_Cas9/20250625_1833_MD-101527_FBB32961_716ebfea
exp-4077d1ba,2925_1mg_Ligation_Sequencing_DNAv14,local,discovered,Ligation Sample,Research,,R10.4.1,dorado,hac,MinION,MinION,2025-06-20,16.4,625,8486690,5116818708,/nfs/turbo/umms-atheylab/sequencing_data/data_from_linux_desktop_lab/2925_1mg_Ligation_Sequencing_DNAv14/B026001097/20250620_1605_MN47455_FBB32603_4077d1ba
exp-c9b934af,2925_2mg_Ligation_Sequencing_DNAv14,local,discovered,Ligation Sample,Research,,R10.4.1,dorado,hac,PromethION,Mk1D,2025-06-20,16.6,476,24063112,13050672241,/nfs/turbo/umms-atheylab/sequencing_data/data_from_linux_desktop_lab/2925_2mg_Ligation_Sequencing_DNAv14/B024196492/20250620_1543_MD-100098_FBC43854_c9b934af
exp-5f8b5634,3040_Ligation_Sequencing_DNAv14,local,discovered,Ligation Sample,Research,,R10.4.1,dorado,hac,PromethION,Mk1D,2025-06-20,14.9,478,10526286,5636917388,/nfs/turbo/umms-atheylab/sequencing_data/data_from_linux_desktop_lab/3040_Ligation_Sequencing_DNAv14/B024196552/20250620_1514_MD-101527_FBC37399_5f8b5634
exp-ea99d635,rapid_barcode_plasmid_24,local,discovered,Rapid Barcode,Research,,R10.4.1,dorado,hac,PromethION,Mk1D,2025-06-15,17.0,3343,5158894,5723531376,/nfs/turbo/umms-atheylab/sequencing_data/data_from_linux_desktop_lab/rapid_barcode_plasmid_24/Continued_rapid_barcode_plasmid_24/20250615_0437_MD-101527_FBC47047_ea99d635
exp-17148ffa,rapid_sequencing_barcoding_experiment,local,discovered,Human,Human,Sequencing,R10.4.1,dorado,hac,PromethION,Mk1D,2025-06-06,19.0,4808,6401727,16043449667,/nfs/turbo/umms-atheylab/sequencing_data/data_from_linux_desktop_lab/rapid_sequencing_barcoding_experiment/Plasmid_Ecoli_Human_RC_NS/20250606_1753_MD-101527_FBC53168_17148ffa
exp-24cafe46,rapid_sequencing_barcoding_experiment,local,discovered,Rapid Seq,Research,,R10.4.1,dorado,hac,PromethION,Mk1D,2025-05-27,18.5,4911,6719378,16119505703,/nfs/turbo/umms-atheylab/sequencing_data/data_from_linux_desktop_lab/rapid_sequencing_barcoding_experiment/24_barcode_mix/20250527_1133_MD-101527_FBC34397_24cafe46
exp-e44c5db4,pCYP_ecoli_rapid_kit,local,discovered,CYP,Plasmid,Plasmid Sequencing,R10.4.1,dorado,hac,PromethION,Mk1D,2025-05-23,12.2,4597,15321,22905311,/nfs/turbo/umms-atheylab/sequencing_data/data_from_linux_desktop_lab/pCYP_ecoli_rapid_kit/2C_HMW_DNA_EXTRACT_Ecoli_2925/20250523_1753_MD-100098_AYI507_e44c5db4
exp-c9016532,pCYP_ecoli_rapid_kit,local,discovered,CYP,Plasmid,Plasmid Sequencing,R10.4.1,dorado,hac,PromethION,Mk1D,2025-05-23,15.0,4876,9502,21171626,/nfs/turbo/umms-atheylab/sequencing_data/data_from_linux_desktop_lab/pCYP_ecoli_rapid_kit/A_2925_labstandard_plasmid_only/20250523_1746_MD-101527_AZL268_c9016532
exp-dd4e0198,pCYP_ecoli_rapid_kit,local,discovered,CYP,Plasmid,Plasmid Sequencing,R10.4.1,dorado,hac,PromethION,Mk1D,2025-05-23,,,,,/nfs/turbo/umms-atheylab/sequencing_data/data_from_linux_desktop_lab/pCYP_ecoli_rapid_kit/A_2925_plasmid_lab_standard/20250523_1743_MD-101527_AZL268_dd4e0198
exp-c3faa658,Single_Molecule_Seqeuncing_Cutting_Res_E,local,discovered,Single Molecule,Research,,R10.4.1,dorado,hac,MinION,MinION,2025-05-19,15.8,4842,381672,1715741926,/nfs/turbo/umms-atheylab/sequencing_data/data_from_linux_desktop_lab/Single_Molecule_Seqeuncing_Cutting_Res_E/Regular/20250519_1041_MN48328_AYJ384_c3faa658
exp-4edd9d13,Single_Molecule_Seqeuncing_Cutting_Res_E,local,discovered,Single Molecule,Research,,R10.4.1,dorado,hac,PromethION,Mk1D,2025-05-19,15.1,3743,303977,696501937,/nfs/turbo/umms-atheylab/sequencing_data/data_from_linux_desktop_lab/Single_Molecule_Seqeuncing_Cutting_Res_E/30_40_SRF1/20250519_1038_MD-100098_AZF147_4edd9d13
exp-000a489d,Single_Molecule_Seqeuncing_Cutting_Res_E,local,discovered,Single Molecule,Research,,R10.4.1,dorado,hac,PromethION,Mk1D,2025-05-19,14.2,472,908755,472524779,/nfs/turbo/umms-atheylab/sequencing_data/data_from_linux_desktop_lab/Single_Molecule_Seqeuncing_Cutting_Res_E/30_40_PVU2/20250519_1037_MD-101527_AZF087_000a489d
exp-4956feb0,Single_MOlecule_Species_Eco53KI,local,discovered,Single Molecule,Research,,R10.4.1,dorado,hac,MinION,MinION,2025-05-15,15.8,478,1279857,684330046,/nfs/turbo/umms-atheylab/sequencing_data/data_from_linux_desktop_lab/Single_MOlecule_Species_Eco53KI/2925_PvuII_0_5uL_25fmol/20250515_1055_MN48328_AZL258_4956feb0
exp-99671a92,Single_MOlecule_Species_Eco53KI,local,discovered,Single Molecule,Research,,R10.4.1,dorado,hac,PromethION,Mk1D,2025-05-15,15.2,3738,581246,1267338633,/nfs/turbo/umms-atheylab/sequencing_data/data_from_linux_desktop_lab/Single_MOlecule_Species_Eco53KI/2925_0_5uL_25fmol_Srf1/20250515_1052_MD-100098_AYI506_99671a92
exp-f2c046fe,Single_MOlecule_Species_Eco53KI,local,discovered,Single Molecule,Research,,R10.4.1,dorado,hac,PromethION,Mk1D,2025-05-15,16.4,4837,872600,1795467118,/nfs/turbo/umms-atheylab/sequencing_data/data_from_linux_desktop_lab/Single_MOlecule_Species_Eco53KI/2925_100fmol_2uL_no2ndRE/20250515_0914_MD-101527_AZF074_f2c046fe
exp-d9be7075,Restriction_enzyme_cutting_plasmids,local,discovered,RE Cutting,Research,,R10.4.1,dorado,hac,MinION,MinION,2025-05-14,4.5,2116,6045,8214201,/nfs/turbo/umms-atheylab/sequencing_data/data_from_linux_desktop_lab/Restriction_enzyme_cutting_plasmids/Regular_3040/20250514_1156_MN48328_AZL237_d9be7075
exp-625e4b11,Restriction_enzyme_cutting_plasmids,local,discovered,RE Cutting,Research,,R10.4.1,dorado,hac,PromethION,Mk1D,2025-05-14,4.4,1102,3835,3415948,/nfs/turbo/umms-atheylab/sequencing_data/data_from_linux_desktop_lab/Restriction_enzyme_cutting_plasmids/PVU2_3040/20250514_1154_MD-101527_AZF062_625e4b11
exp-06b5f2d5,Restriction_enzyme_cutting_plasmids,local,discovered,RE Cutting,Research,,R10.4.1,dorado,hac,MinION,MinION,2025-05-14,4.4,1076,7297,6693082,/nfs/turbo/umms-atheylab/sequencing_data/data_from_linux_desktop_lab/Restriction_enzyme_cutting_plasmids/SRF1_3040/20250514_1153_MN47455_AZL177_06b5f2d5
exp-542ce198,3040_Plasmid_pCYP_exon2,local,discovered,CYP Plasmid,Plasmid,Plasmid Sequencing,R10.4.1,dorado,hac,PromethION,Mk1D,2025-04-10,13.1,4827,26020,95557371,/nfs/turbo/umms-atheylab/sequencing_data/data_from_linux_desktop_lab/3040_Plasmid_pCYP_exon2/3040_genomic_extraction_pCYP/20250410_1458_MD-101527_AWF391_542ce198
exp-6e9943cf,3040_Plasmid_pCYP_exon2,local,discovered,CYP,Plasmid,Plasmid Sequencing,R10.4.1,dorado,hac,PromethION,Mk1D,2025-04-06,15.1,4823,40954,170978962,/nfs/turbo/umms-atheylab/sequencing_data/data_from_linux_desktop_lab/3040_Plasmid_pCYP_exon2/JW_NS_4_6_25/20250406_1649_MD-101527_AWG074_6e9943cf
exp-1f047b92,Ecoli_gDNA_pCYP_rRNA_gRNAcut,local,discovered,CYP,Plasmid,Plasmid Sequencing,R10.4.1,dorado,hac,PromethION,Mk1D,2025-04-04,18.6,1667,177616,252252034,/nfs/turbo/umms-atheylab/sequencing_data/data_from_linux_desktop_lab/Ecoli_gDNA_pCYP_rRNA_gRNAcut/18_4x_ChloeRachel_2925_Phosphotase_try2/20250404_1822_MD-101527_FBB35243_1f047b92
exp-138b424e,Ecoli_gDNA_pCYP_rRNA_gRNAcut,local,discovered,CYP,Plasmid,Plasmid Sequencing,R10.4.1,dorado,hac,PromethION,Mk1D,2025-04-04,,,,,/nfs/turbo/umms-atheylab/sequencing_data/data_from_linux_desktop_lab/Ecoli_gDNA_pCYP_rRNA_gRNAcut/18_4x_ChloeRachel_2925_Phosphotase/20250404_1731_MD-101527_FBB35243_138b424e
exp-bf5c2729,Ecoli_gDNA_pCYP_rRNA_gRNAcut,local,discovered,CYP,Plasmid,Plasmid Sequencing,R10.4.1,dorado,hac,PromethION,Mk1D,2025-04-01,19.0,1666,649157,917538583,/nfs/turbo/umms-atheylab/sequencing_data/data_from_linux_desktop_lab/Ecoli_gDNA_pCYP_rRNA_gRNAcut/C-C_phosphatase_3040_4xligase_try6/20250401_1554_MD-101527_FBB36033_bf5c2729
exp-a29c75dd,Ecoli_gDNA_pCYP_rRNA_gRNAcut,local,discovered,CYP,Plasmid,Plasmid Sequencing,R10.4.1,dorado,hac,PromethION,Mk1D,2025-04-01,,,,,/nfs/turbo/umms-atheylab/sequencing_data/data_from_linux_desktop_lab/Ecoli_gDNA_pCYP_rRNA_gRNAcut/C-C_phosphatase_3040_4xligase/20250401_1203_MD-101527_FBB36033_a29c75dd
exp-9e526874,Ecoli_gDNA_pCYP_rRNA_gRNAcut,local,discovered,CYP,Plasmid,Plasmid Sequencing,R10.4.1,dorado,hac,MinION,MinION,2025-04-01,17.7,1668,661838,1042504366,/nfs/turbo/umms-atheylab/sequencing_data/data_from_linux_desktop_lab/Ecoli_gDNA_pCYP_rRNA_gRNAcut/C-C_no_phosphotase_3040_4xligase/20250401_1159_MN47455_FBB35330_9e526874
exp-17d6a54a,Ecoli_gDNA_pCYP_rRNA_gRNAcut,local,discovered,CYP,Plasmid,Plasmid Sequencing,R10.4.1,dorado,hac,MinION,MinION,2025-04-01,17.6,1667,306738,452550579,/nfs/turbo/umms-atheylab/sequencing_data/data_from_linux_desktop_lab/Ecoli_gDNA_pCYP_rRNA_gRNAcut/C-Cphosphatase_3040/20250401_1151_MN48328_FBB36138_17d6a54a
exp-cfc39a05,Ecoli_gDNA_pCYP_rRNA_gRNAcut,local,discovered,CYP,Plasmid,Plasmid Sequencing,R10.4.1,dorado,hac,MinION,MinION,2025-04-01,15.1,1668,143849,203102206,/nfs/turbo/umms-atheylab/sequencing_data/data_from_linux_desktop_lab/Ecoli_gDNA_pCYP_rRNA_gRNAcut/C-C_3040_no_dephosphorylation_6uL/20250401_1143_MN48004_FBB35426_cfc39a05
exp-e42fb2cc,WholeEColiGenomeAssembly,local,discovered,E.coli,Microbial,Metagenomic,R10.4.1,dorado,hac,PromethION,Mk1D,2025-03-29,7.8,4147,249657,348561305,/nfs/turbo/umms-atheylab/sequencing_data/data_from_linux_desktop_lab/WholeEColiGenomeAssembly/3-1_2987_0_5mL_chloe_rapidkit/20250329_1432_MD-101527_FBA70225_e42fb2cc
exp-83e8d49f,WholeEColiGenomeAssembly,local,discovered,CYP,Plasmid,Plasmid Sequencing,R10.4.1,dorado,hac,MinION,MinION,2025-03-28,6.7,26839,2713028,9252667681,/nfs/turbo/umms-atheylab/sequencing_data/data_from_linux_desktop_lab/WholeEColiGenomeAssembly/2925pCYP1ml135ngperulextracted32325/20250328_1730_MN48004_FBA45795_83e8d49f
exp-727b6345,WholeEColiGenomeAssembly,local,discovered,CYP,Plasmid,Plasmid Sequencing,R10.4.1,dorado,hac,MinION,MinION,2025-03-28,7.8,4904,4563942,9114555587,/nfs/turbo/umms-atheylab/sequencing_data/data_from_linux_desktop_lab/WholeEColiGenomeAssembly/Strain3040pCYP32325prep_rapid/20250328_1705_MN47455_FBA46097_727b6345
exp-b934d4c5,pCYP_proteinaseK_experiment,local,discovered,CYP,Plasmid,Plasmid Sequencing,R10.4.1,dorado,hac,MinION,MinION,2024-11-16,16.0,4839,214413,959632649,/nfs/turbo/umms-atheylab/sequencing_data/data_from_linux_desktop_lab/pCYP_proteinaseK_experiment/Eco53KI_PK_dA_tailing/20241116_1247_MN47455_AWD171_b934d4c5
exp-d8631efb,pCYP_proteinaseK_experiment,local,discovered,CYP,Plasmid,Plasmid Sequencing,R10.4.1,dorado,hac,MinION,MinION,2024-11-15,14.4,4829,58930,252283971,/nfs/turbo/umms-atheylab/sequencing_data/data_from_linux_desktop_lab/pCYP_proteinaseK_experiment/cas9_exon2_PK_dA_tailing_try7/20241115_1615_MN47455_AWD929_d8631efb
exp-74dc0a2d,pCYP_proteinaseK_experiment,local,discovered,CYP,Plasmid,Plasmid Sequencing,R10.4.1,dorado,hac,MinION,MinION,2024-11-15,15.7,4833,524,2133506,/nfs/turbo/umms-atheylab/sequencing_data/data_from_linux_desktop_lab/pCYP_proteinaseK_experiment/try6/20241115_1449_MN47455_AWD929_74dc0a2d
exp-53a57a55,pCYP_proteinaseK_experiment,local,discovered,CYP,Plasmid,Plasmid Sequencing,R10.4.1,dorado,hac,MinION,MinION,2024-11-15,15.7,4835,1998,8646603,/nfs/turbo/umms-atheylab/sequencing_data/data_from_linux_desktop_lab/pCYP_proteinaseK_experiment/cas9_exon2_PK_dA_tailing_try5/20241115_1402_MN47455_AWD929_53a57a55
exp-15a649e7,pCYP_proteinaseK_dA_tailing,local,discovered,CYP,Plasmid,Plasmid Sequencing,R10.4.1,dorado,hac,MinION,MinION,2024-11-15,,,,,/nfs/turbo/umms-atheylab/sequencing_data/data_from_linux_desktop_lab/pCYP_proteinaseK_dA_tailing/cas9_exon2_PK_dA_tailing_try4/20241115_1319_MN47455_AWD929_15a649e7
exp-074e9a80,pCYP_proteinaseK_dA_tailing,local,discovered,CYP,Plasmid,Plasmid Sequencing,R10.4.1,dorado,hac,MinION,MinION,2024-11-15,,,,,/nfs/turbo/umms-atheylab/sequencing_data/data_from_linux_desktop_lab/pCYP_proteinaseK_dA_tailing/cas9_exon2_PK_dA_try3/20241115_1305_MN47455_AWD929_074e9a80
exp-b263763c,pCYP_proteinaseK_dA_tailing,local,discovered,CYP,Plasmid,Plasmid Sequencing,R10.4.1,dorado,hac,MinION,MinION,2024-11-14,,,,,/nfs/turbo/umms-atheylab/sequencing_data/data_from_linux_desktop_lab/pCYP_proteinaseK_dA_tailing/cas9_pk_dA_tail_2/20241114_1808_MN47455_AWD929_b263763c
exp-e3f1e07c,pCYP_dA_tailing,local,discovered,CYP,Plasmid,Plasmid Sequencing,R10.4.1,dorado,hac,MinION,MinION,2024-11-07,8.7,9203,3052,10777681,/nfs/turbo/umms-atheylab/sequencing_data/data_from_laptop_LTBIN049/pCYP_dA_tailing/no_dA_tail_control/20241107_1311_MN47455_AWC372_e3f1e07c
exp-a9b0b46e,pCYP_dA_tailing,local,discovered,CYP,Plasmid,Plasmid Sequencing,R10.4.1,dorado,hac,MinION,MinION,2024-11-01,21.0,4858,969122,4581070878,/nfs/turbo/umms-atheylab/sequencing_data/data_from_desktop_WSCMB029/pCYP_dA_tailing/Eco53KI_pCYP_dA_tail_pre_proteinaseK3/20241101_1732_MN47455_FBA16764_a9b0b46e
exp-c0838248,pCYP_dA_tailing,local,discovered,CYP,Plasmid,Plasmid Sequencing,R10.4.1,dorado,hac,MinION,MinION,2024-11-01,20.5,4853,113586,516347978,/nfs/turbo/umms-atheylab/sequencing_data/data_from_desktop_WSCMB029/pCYP_dA_tailing/Cas9_exon2_pCYP_dA_tail_pre_proteinaseK3/20241101_1732_MN48004_FBA23062_c0838248
exp-54f0c35c,pCYP_dA_tailing,local,discovered,CYP,Plasmid,Plasmid Sequencing,R10.4.1,dorado,hac,MinION,MinION,2024-11-01,19.4,4859,7281,33681883,/nfs/turbo/umms-atheylab/sequencing_data/data_from_desktop_WSCMB029/pCYP_dA_tailing/Eco53KI_pCYP_dA_tail_pre_proteinaseK2/20241101_1659_MN47455_FBA16764_54f0c35c
exp-11ab0f6c,pCYP_dA_tailing,local,discovered,CYP,Plasmid,Plasmid Sequencing,R10.4.1,dorado,hac,MinION,MinION,2024-11-01,20.7,4854,39952,181845456,/nfs/turbo/umms-atheylab/sequencing_data/data_from_desktop_WSCMB029/pCYP_dA_tailing/Eco53KI_pCYP_dA_tail_pre_proteinaseK/20241101_1429_MN47455_FBA16764_11ab0f6c
exp-e561cd50,pCYP_dA_tailing,local,discovered,CYP,Plasmid,Plasmid Sequencing,R10.4.1,dorado,hac,MinION,MinION,2024-11-01,20.8,4851,342353,1544785243,/nfs/turbo/umms-atheylab/sequencing_data/data_from_desktop_WSCMB029/pCYP_dA_tailing/Cas9_exon2_pCYP_dA_tail_pre_proteinaseK3/20241101_1416_MN48004_FBA23062_e561cd50
exp-debd0943,pCYP_dA_tailing,local,discovered,CYP,Plasmid,Plasmid Sequencing,R10.4.1,dorado,hac,MinION,MinION,2024-11-01,20.0,4841,21791,93462197,/nfs/turbo/umms-atheylab/sequencing_data/data_from_desktop_WSCMB029/pCYP_dA_tailing/Cas9_exon2_pCYP_dA_tail_pre_proteinaseK/20241101_1348_MN48004_FBA23062_debd0943
exp-ec110aed,cas9_hifi_NEB_exon2gRNA_pCYP,local,discovered,CYP Plasmid,Plasmid,Plasmid Sequencing,R10.4.1,dorado,hac,MinION,MinION,2024-10-22,13.0,4829,6131,21098932,/nfs/turbo/umms-atheylab/sequencing_data/data_from_laptop_LTBIN049/cas9_hifi_NEB_exon2gRNA_pCYP/3040/20241022_1112_MN47455_AWD455_ec110aed
exp-a26b722f,PvuII_pCellFreeCYP,local,discovered,,Plasmid,Plasmid Sequencing,R10.4.1,dorado,hac,MinION,MinION,2024-10-08,13.8,3129,123845,111617218,/nfs/turbo/umms-atheylab/sequencing_data/data_from_laptop_LTBIN049/PvuII_pCellFreeCYP/alpha_run2/20241008_1121_MN47455_ATP988_a26b722f
exp-0b11bed3,PvuII_pCellFreeCYP,local,discovered,,Plasmid,Plasmid Sequencing,R10.4.1,dorado,hac,MinION,MinION,2024-10-07,14.4,1100,36907,28415965,/nfs/turbo/umms-atheylab/sequencing_data/data_from_laptop_LTBIN049/PvuII_pCellFreeCYP/alpha/20241007_1604_MN47455_ATP988_0b11bed3
exp-ef0e622b,BciVI_pCellFreeCYP,local,discovered,,Plasmid,Plasmid Sequencing,R10.4.1,dorado,hac,MinION,MinION,2024-10-04,15.8,4844,47076,227033010,/nfs/turbo/umms-atheylab/sequencing_data/data_from_laptop_LTBIN049/BciVI_pCellFreeCYP/Stable/20241004_1034_MN47455_ATR331_ef0e622b
exp-9ea838e3,BciVI_pCellFreeCYP,local,discovered,,Plasmid,Plasmid Sequencing,R10.4.1,dorado,hac,MinION,MinION,2024-10-02,12.5,4840,14092,43593357,/nfs/turbo/umms-atheylab/sequencing_data/data_from_laptop_LTBIN049/BciVI_pCellFreeCYP/nomethyl_try3/20241002_1738_MN47455_ATS581_9ea838e3
exp-b295bdec,BciVI_pCellFreeCYP,local,discovered,,Plasmid,Plasmid Sequencing,R10.4.1,dorado,hac,MinION,MinION,2024-10-02,14.9,4865,11855,46885475,/nfs/turbo/umms-atheylab/sequencing_data/data_from_laptop_LTBIN049/BciVI_pCellFreeCYP/5alpha/20241002_1226_MN47455_ATQ006_b295bdec
exp-1b3bae91,BciVI_pCellFreeCYP,local,discovered,,Plasmid,Plasmid Sequencing,R10.4.1,dorado,hac,MinION,MinION,2024-10-02,13.4,4837,1471,4533263,/nfs/turbo/umms-atheylab/sequencing_data/data_from_laptop_LTBIN049/BciVI_pCellFreeCYP/no_methyl_try2/20241002_1142_MN47455_ATS581_1b3bae91
exp-d9440acc,CYP1,local,discovered,CYP Plasmid,Plasmid,Plasmid Sequencing,R10.4.1,dorado,hac,MinION,MinION,2024-09-23,,,136068,,/nfs/turbo/umms-atheylab/sequencing_data/data_from_laptop_LTBIN049/CYP1/CYP/20240923_1126_MN47455_ATS547_d9440acc
exp-d3c6b017,20220510_ULK114_CB,local,discovered,Human WGS,Human,Sequencing,R10.4,guppy,hac,PromethION,Unknown,2022-05-10,9.6,73690,1557501,50883158413,/nfs/turbo/umms-atheylab/sequencing_data/external_data/cliveome_kit14_2022.05/gdna/flowcells/ONLA29132/20220510_1127_5F_PAM63167_d3c6b017
exp-e5059aa9,20220510_ULK114_CB,local,discovered,Human WGS,Human,Sequencing,R10.4,guppy,hac,PromethION,Unknown,2022-05-10,9.4,58393,2929781,85053052718,/nfs/turbo/umms-atheylab/sequencing_data/external_data/cliveome_kit14_2022.05/gdna/flowcells/ONLA29133/20220510_1127_5G_PAM63114_e5059aa9
exp-a5e7a202,20220510_ULK114_CB,local,discovered,Human WGS,Human,Sequencing,R10.4,guppy,hac,PromethION,Unknown,2022-05-10,9.5,62834,2751796,89648228808,/nfs/turbo/umms-atheylab/sequencing_data/external_data/cliveome_kit14_2022.05/gdna/flowcells/ONLA29134/20220510_1127_5H_PAM63974_a5e7a202
exp-2c054b1e,Q20_ULK_Cliveome,local,discovered,Human WGS,Human,Sequencing,R10.4,guppy,hac,PromethION,Unknown,2021-04-01,12.0,95808,334048,14622406730,/nfs/turbo/umms-atheylab/sequencing_data/external_data/Q20_ULK_Cliveome/ONLA29102_3/20210401_1605_3D_PAG53244_2c054b1e
exp-4f8d5014,Q20_ULK_Cliveome,local,discovered,Human WGS,Human,Sequencing,R10.4,guppy,hac,PromethION,Unknown,2021-04-01,12.4,78836,390830,14759473392,/nfs/turbo/umms-atheylab/sequencing_data/external_data/Q20_ULK_Cliveome/ONLA29101_5/20210401_1605_3A_PAG53358_4f8d5014
exp-6aab8632,Q20_ULK_Cliveome,local,discovered,Human WGS,Human,Sequencing,R10.4,guppy,hac,PromethION,Unknown,2021-04-01,12.5,59901,663211,17668627417,/nfs/turbo/umms-atheylab/sequencing_data/external_data/Q20_ULK_Cliveome/ONLA29096_5/20210401_1605_3C_PAG51911_6aab8632
exp-66ec0ca6,Q20_ULK_Cliveome,local,discovered,Human WGS,Human,Sequencing,R10.4,guppy,hac,PromethION,Unknown,2021-04-01,12.2,74473,436603,15362510704,/nfs/turbo/umms-atheylab/sequencing_data/external_data/Q20_ULK_Cliveome/ONLA29097_3/20210401_1605_3B_PAG53223_66ec0ca6
exp-9cf7e7eb,Q20_ULK_Cliveome,local,discovered,Human WGS,Human,Sequencing,R10.4,guppy,hac,PromethION,Unknown,2021-03-31,9.0,80981,755089,11445018135,/nfs/turbo/umms-atheylab/sequencing_data/external_data/Q20_ULK_Cliveome/ONLA29100_6/20210331_1614_5D_PAG28333_9cf7e7eb
exp-c03fc442,AGC-Basecalling-PGx,local,discovered,14309-CZ-1 (96-plex PGx),Pharmacogenomics,Pharmacogenomics,R10.4.1,dorado,sup,PromethION,PromethION,2025-10-06,12.7,1658,757307,1305224533,/mnt/d/AGC/basecalling
exp-2692867b,Run_24,local,discovered,Lab Sequencing Run,Lab Run,Basecalling Output,R10.4.1,dorado,hac,MinION,MinION,,12.7,4833,16876,60421198,/nfs/turbo/umms-atheylab/sequencing_data/data_from_laptop_LTBIN049/basecalling
exp-30c5917a,Run_29,local,discovered,CYP Plasmid,Plasmid,Plasmid Sequencing,R10.4.1,dorado,hac,,Unknown,2024-09-23,12.4,4816,137608,429142205,/nfs/turbo/umms-atheylab/sequencing_data/data_from_laptop_LTBIN049/CYP1/CYP/20240923_1126_MN47455_ATS547_d9440acc/basecalling
exp-62c150f6,Run_40,local,discovered,14507-CZ-3 (PGx),Pharmacogenomics,Pharmacogenomics,R10.4.1,dorado,hac,PromethION,Unknown,2025-09-26,6.08,576,1,576,/mnt/d/AGC/14507-CZ-3
exp-0d2e8a61,Run_41,local,discovered,14507-CZ-4 (PGx),Pharmacogenomics,Pharmacogenomics,R10.4.1,dorado,hac,PromethION,Unknown,2025-09-26,11.59,695,50000,35007594,/mnt/d/AGC/14507-CZ-4
exp-99b2270e,Run_46,local,discovered,14507-CZ-2 (PGx),Pharmacogenomics,Pharmacogenomics,R10.4.1,dorado,hac,PromethION,Unknown,2025-09-26,12.1,692,4320539,3083920809,/mnt/d/AGC/14507-CZ-2
exp-9b250f84,Run_47,local,discovered,14507-CZ-1 (PGx),Pharmacogenomics,Pharmacogenomics,R10.4.1,dorado,hac,PromethION,Unknown,2025-09-26,10.56,659,1,659,/mnt/d/AGC/14507-CZ-1
exp-b9f1376d,Run_69,local,discovered,CYP,Plasmid,Plasmid Sequencing,R10.4.1,dorado,hac,MinION,Unknown,2025-08-12,24.4,10400,665966,1053708851,/nfs/turbo/umms-atheylab/sequencing_data/data_from_linux_desktop_lab/human_targeted_seq_cyp/greg_4x_allrepeats_WGS_aug11_try3/20250812_0437_MD-102066_FBD41116_0151951c/pod5/basecalling
exp-04fada9c,Run_79,local,discovered,RE Cutting,Research,,R10.4.1,dorado,hac,,Unknown,2025-05-14,7.5,1306,6048,7770516,/nfs/turbo/umms-atheylab/sequencing_data/data_from_linux_desktop_lab/Restriction_enzyme_cutting_plasmids/Regular_3040/20250514_1156_MN48328_AZL237_d9be7075/basecalling
exp-6ed06c4b,Run_80,local,discovered,RE Cutting,Research,,R10.4.1,dorado,hac,,Unknown,2025-05-14,7.5,1306,6048,7770516,/nfs/turbo/umms-atheylab/sequencing_data/data_from_linux_desktop_lab/Restriction_enzyme_cutting_plasmids/Regular_3040/20250514_1156_MN48328_AZL237_d9be7075 copy/basecalling
exp-c4645bd5,Run_84,local,discovered,CYP,Plasmid,Plasmid Sequencing,R10.4.1,dorado,hac,MinION,Unknown,2025-08-12,24.4,10400,665966,1053708851,/nfs/turbo/umms-atheylab/sequencing_data/data_from_linux_desktop_lab/Fall2025/human_targeted_seq_cyp/greg_4x_allrepeats_WGS_aug11_try3/20250812_0437_MD-102066_FBD41116_0151951c/pod5/basecalling
exp-f99d4123,Run_143,local,discovered,RE Cutting,Research,,R10.4.1,dorado,hac,,Unknown,2025-05-14,7.5,1306,6048,7770516,/nfs/turbo/umms-atheylab/backup_from_desktop/Files_On_Linux_Desktop/data2/Restriction_enzyme_cutting_plasmids/Regular_3040/20250514_1156_MN48328_AZL237_d9be7075/basecalling
exp-53f35389,Run_144,local,discovered,RE Cutting,Research,,R10.4.1,dorado,hac,,Unknown,2025-05-14,7.5,1306,6048,7770516,/nfs/turbo/umms-atheylab/backup_from_desktop/Files_On_Linux_Desktop/data2/sequencing_data/Restriction_enzyme_cutting_plasmids/Regular_3040/20250514_1156_MN48328_AZL237_d9be7075/basecalling
exp-f601b22b,Run_145,local,discovered,End Reason Test Data,Research,Test Data,R10.4.1,dorado,hac,,Unknown,,15.7,4835,1998,8646603,/nfs/turbo/umms-atheylab/end_reason/end_reason_ont/tests/data/example_run
